Workbook

Sheet Data Umum
B2: H
B3: LHPAKDAK | C3: Data Umum | G3: =MONTH(D11) -> 1 | H3: 1 | I3: Januari
B4: PGAKD | C4: Versi Laporan | D4: 1/8/2025 2:37:33 PM | G4: =VLOOKUP(G3,$H$3:$I$14,2,FALSE) -> Januari | H4: 2 | I4: Februari
B5: 1 | C5: Tanggal Pelaporan | H5: 3 | I5: Maret
B6: N | C6: Kode Perusahaan / Pihak | H6: 4 | I6: April
C7: Nama Perusahaan / Pihak | H7: 5 | I7: Mei
C8: Alamat Perusahaan / Pihak | H8: 6 | I8: Juni
C9: Alamat Perusahaan / Pihak | H9: 7 | I9: Juli
C10: Alamat Perusahaan / Pihak | H10: 8 | I10: Agustus
C11: Periode Pelaporan | H11: 9 | I11: September
C12: Bulan Pelaporan | D12: =IF(ISERR(G4), "", G4) -> Januari | H12: 10 | I12: Oktober
C13: Tahun Fiskal | D13: =IF(ISBLANK(D11), "", IFERROR(YEAR(D11), "")) | H13: 11 | I13: November
C14: Jenis Periode Pelaporan | D14: Laporan Harian | H14: 12 | I14: Desember
C15: Nama Direksi / Penanggung Jawab
C16: Jabatan Direksi / Penanggung Jawab

Sheet Cover
C7: K e p a d a
C9: Yth.Kepala Departemen Pengawasan Aset Keuangan Digital dan Aset Kripto
C10: Otoritas Jasa Keuangan
C11: Aset Keuangan Digital dan Aset Kripto
C12: Gedung Soemitro Djojohadikusumo
C13: Jalan Lapangan Banteng Timur 2-4, Jakarta 10710, Indonesia
C20: LAPORAN HARIAN
C21: ASET KEUANGAN DIGITAL DAN ASET KRIPTO
C22: =""
C30: =UPPER('Data Umum'!D7)
C31: =IF('Data Umum'!D8=0, "", 'Data Umum'!D8)
C32: =IF('Data Umum'!D9=0, "", 'Data Umum'!D9)
C33: =IF('Data Umum'!D10=0, "", 'Data Umum'!D10)

Sheet Validasi
C7: Status | E7: Status Validitas Laporan Secara Keseluruhan | G7: =AND(G10, G11) -> TRUE
C9: No | D9: Sheet | E9: Keterangan | F9: Formula | G9: Status
C10: 1 | D10: LSTAKDKP | E10: Redundancy Nama Aset Digital dan Kode Aset Digital | F10: =SUMPRODUCT((LSTAKDKP!E16:E1000<>"")*(LSTAKDKP!F16:F1000<>"")*(COUNTIFS(LSTAKDKP!E16:E1000, LSTAKDKP!E16:E1000, LSTAKDKP!F16:F1000, LSTAKDKP!F16:F1000)>1))=0 | G10: =SUMPRODUCT((LSTAKDKP!E16:E1000<>"")*(LSTAKDKP!F16:F1000<>"")*(COUNTIFS(LSTAKDKP!E16:E1000, LSTAKDKP!E16:E1000, LSTAKDKP!F16:F1000, LSTAKDKP!F16:F1000)>1))=0 -> TRUE
C11: 2 | D11: LRTAK | E11: Redundancy Nama Aset Digital dan Kode Aset Digital | F11: =SUMPRODUCT((LRTAK!E16:E1000<>"")*(LRTAK!F16:F1000<>"")*(COUNTIFS(LRTAK!E16:E1000, LRTAK!E16:E1000, LRTAK!F16:F1000, LRTAK!F16:F1000)>1))=0 | G11: =SUMPRODUCT((LRTAK!E16:E1000<>"")*(LRTAK!F16:F1000<>"")*(COUNTIFS(LRTAK!E16:E1000, LRTAK!E16:E1000, LRTAK!F16:F1000, LRTAK!F16:F1000)>1))=0 -> TRUE

Sheet LSDK
B2: LSDK
B3: 1
C7: =UPPER('Data Umum'!D7)
C8: PEDAGANG ASET KEUANGAN DIGITAL
C9: Form Saldo Dana Konsumen Harian
C11: ="Per " & TEXT('Data Umum'!D11, "DD-MMM-YYYY") -> Per 00-Jan-1900
C14: Sesi | E14: ="Saldo Dana Posisi Sebelumnya (Rp)" -> Saldo Dana Posisi Sebelumnya (Rp) | F14: ="Total Deposit Dana (Rp)" -> Total Deposit Dana (Rp) | G14: ="Total Withdraw Dana (Rp)" -> Total Withdraw Dana (Rp) | H14: ="Saldo Dana Posisi Akhir (Rp)" -> Saldo Dana Posisi Akhir (Rp)
C16: 1 | E16: 0 | F16: 0 | G16: 0 | H16: =(E16+F16)-G16 -> 0
C17: 2 | E17: =H16 -> 0 | F17: 0 | G17: 0 | H17: =(E17+F17)-G17 -> 0
C18: Total | E18: =E16+E17 -> 0 | F18: =F16+F17 -> 0 | G18: =G16+G17 -> 0 | H18: =H16+H17 -> 0

Sheet LSTAKDKP
B2: LSTAKDKP
B3: 1
C7: =UPPER('Data Umum'!D7)
C8: PEDAGANG ASET KEUANGAN DIGITAL
C9: Form Saldo dan Transaksi Aset Keuangan Digital Konsumen dan Pedagang Harian
C11: ="Per " & TEXT('Data Umum'!D11, "DD-MMM-YYYY") -> Per 00-Jan-1900
C14: Nomor Baris | E14: ="Kode Aset Keuangan Digital" -> Kode Aset Keuangan Digital | F14: ="Nama Aset Keuangan Digital" -> Nama Aset Keuangan Digital | G14: ="Jumlah AKD (Unit)" -> Jumlah AKD (Unit) | H14: ="AKD milik Konsumen" -> AKD milik Konsumen | I14: ="AKD milik Pedagang" -> AKD milik Pedagang | J14: ="AKD Konsumen penempatan di Pedagang" -> AKD Konsumen penempatan di Pedagang | K14: ="AKD Konsumen penempatan di Pengelola Tempat Penyimpanan" -> AKD Konsumen penempatan di Pengelola Tempat Penyimpanan | L14: ="Harga Per Unit (Rp)" -> Harga Per Unit (Rp) | M14: ="Nilai (Rp) -Total" -> Nilai (Rp) -Total | N14: ="Nilai (Rp) -AKD milik Konsumen" -> Nilai (Rp) -AKD milik Konsumen | O14: ="Nilai (Rp) -AKD milik Pedagang" -> Nilai (Rp) -AKD milik Pedagang | P14: ="Nilai (Rp) -AKD Konsumen penempatan di Pedagang" -> Nilai (Rp) -AKD Konsumen penempatan di Pedagang | Q14: ="Nilai (Rp) - AKD Konsumen penempatan di Pengelola Tempat Penyimpanan" -> Nilai (Rp) - AKD Konsumen penempatan di Pengelola Tempat Penyimpanan
C16: 1 | G16: =H16+I16 -> 0 | H16: =J16+K16 -> 0 | I16: 0 | J16: 0 | K16: 0 | L16: 0 | M16: =G16*L16 -> 0 | N16: =H16*L16 -> 0 | O16: =I16*L16 -> 0 | P16: =J16*L16 -> 0 | Q16: =K16*L16 -> 0
C17: 2 | G17: =H17+I17 -> 0 | H17: =J17+K17 -> 0 | I17: 0 | J17: 0 | K17: 0 | L17: 0 | M17: =G17*L17 -> 0 | N17: =H17*L17 -> 0 | O17: =I17*L17 -> 0 | P17: =J17*L17 -> 0 | Q17: =K17*L17 -> 0
C18: 3 | G18: =H18+I18 -> 0 | H18: =J18+K18 -> 0 | I18: 0 | J18: 0 | K18: 0 | L18: 0 | M18: =G18*L18 -> 0 | N18: =H18*L18 -> 0 | O18: =I18*L18 -> 0 | P18: =J18*L18 -> 0 | Q18: =K18*L18 -> 0
C19: 4 | G19: =H19+I19 -> 0 | H19: =J19+K19 -> 0 | I19: 0 | J19: 0 | K19: 0 | L19: 0 | M19: =G19*L19 -> 0 | N19: =H19*L19 -> 0 | O19: =I19*L19 -> 0 | P19: =J19*L19 -> 0 | Q19: =K19*L19 -> 0
C20: 5 | G20: =H20+I20 -> 0 | H20: =J20+K20 -> 0 | I20: 0 | J20: 0 | K20: 0 | L20: 0 | M20: =G20*L20 -> 0 | N20: =H20*L20 -> 0 | O20: =I20*L20 -> 0 | P20: =J20*L20 -> 0 | Q20: =K20*L20 -> 0
C21: 6 | G21: =H21+I21 -> 0 | H21: =J21+K21 -> 0 | I21: 0 | J21: 0 | K21: 0 | L21: 0 | M21: =G21*L21 -> 0 | N21: =H21*L21 -> 0 | O21: =I21*L21 -> 0 | P21: =J21*L21 -> 0 | Q21: =K21*L21 -> 0
C22: 7 | G22: =H22+I22 -> 0 | H22: =J22+K22 -> 0 | I22: 0 | J22: 0 | K22: 0 | L22: 0 | M22: =G22*L22 -> 0 | N22: =H22*L22 -> 0 | O22: =I22*L22 -> 0 | P22: =J22*L22 -> 0 | Q22: =K22*L22 -> 0
C23: 8 | G23: =H23+I23 -> 0 | H23: =J23+K23 -> 0 | I23: 0 | J23: 0 | K23: 0 | L23: 0 | M23: =G23*L23 -> 0 | N23: =H23*L23 -> 0 | O23: =I23*L23 -> 0 | P23: =J23*L23 -> 0 | Q23: =K23*L23 -> 0
C24: 9 | G24: =H24+I24 -> 0 | H24: =J24+K24 -> 0 | I24: 0 | J24: 0 | K24: 0 | L24: 0 | M24: =G24*L24 -> 0 | N24: =H24*L24 -> 0 | O24: =I24*L24 -> 0 | P24: =J24*L24 -> 0 | Q24: =K24*L24 -> 0
C25: 10 | G25: =H25+I25 -> 0 | H25: =J25+K25 -> 0 | I25: 0 | J25: 0 | K25: 0 | L25: 0 | M25: =G25*L25 -> 0 | N25: =H25*L25 -> 0 | O25: =I25*L25 -> 0 | P25: =J25*L25 -> 0 | Q25: =K25*L25 -> 0
C26: 11 | G26: =H26+I26 -> 0 | H26: =J26+K26 -> 0 | I26: 0 | J26: 0 | K26: 0 | L26: 0 | M26: =G26*L26 -> 0 | N26: =H26*L26 -> 0 | O26: =I26*L26 -> 0 | P26: =J26*L26 -> 0 | Q26: =K26*L26 -> 0
C27: 12 | G27: =H27+I27 -> 0 | H27: =J27+K27 -> 0 | I27: 0 | J27: 0 | K27: 0 | L27: 0 | M27: =G27*L27 -> 0 | N27: =H27*L27 -> 0 | O27: =I27*L27 -> 0 | P27: =J27*L27 -> 0 | Q27: =K27*L27 -> 0
... C114: 99 | G114: =H114+I114 -> 0 | H114: =J114+K114 -> 0 | I114: 0 | J114: 0 | K114: 0 | L114: 0 | M114: =G114*L114 -> 0 | N114: =H114*L114 -> 0 | O114: =I114*L114 -> 0 | P114: =J114*L114 -> 0 | Q114: =K114*L114 -> 0
A115: + Baris | C115: 100 | G115: =H115+I115 -> 0 | H115: =J115+K115 -> 0 | I115: 0 | J115: 0 | K115: 0 | L115: 0 | M115: =G115*L115 -> 0 | N115: =H115*L115 -> 0 | O115: =I115*L115 -> 0 | P115: =J115*L115 -> 0 | Q115: =K115*L115 -> 0
A116: <EOR> | C116: Total | E116: ="" | F116: ="" | G116: ="" | H116: ="" | I116: ="" | J116: ="" | K116: ="" | L116: =SUM(L16:L115) -> 0 | M116: =SUM(M16:M115) -> 0 | N116: =SUM(N16:N115) -> 0 | O116: =SUM(O16:O115) -> 0 | P116: =SUM(P16:P115) -> 0 | Q116: =SUM(Q16:Q115) -> 0

Sheet LTAKDK
B2: LTAKDK
B3: 1
C7: =UPPER('Data Umum'!D7)
C8: PEDAGANG ASET KEUANGAN DIGITAL
C9: Laporan Transaksi Aset Keuangan Digital Konsumen dan Pedagang Harian
C11: ="Per " & TEXT('Data Umum'!D11, "DD-MMM-YYYY") -> Per 00-Jan-1900
C14: Uraian | E14: ="Pihak Terafiliasi" -> Pihak Terafiliasi | G14: ="Pihak Tidak Terafiliasi" -> Pihak Tidak Terafiliasi | I14: =""
E15: ="Asing (Rp)" -> Asing (Rp) | F15: ="Domestik (Rp)" -> Domestik (Rp) | G15: ="Asing (Rp)" -> Asing (Rp) | H15: ="Domestik (Rp)" -> Domestik (Rp) | I15: ="Nilai Transaksi (Rp)" -> Nilai Transaksi (Rp)
C16: Total Pembelian Aset Keuangan Digital untuk Konsumen Individu | E16: 0 | F16: 0 | G16: 0 | H16: 0 | I16: =E16+F16+G16+H16 -> 0
C17: Total Pembelian Aset Keuangan Digital untuk Konsumen Institusi | E17: 0 | F17: 0 | G17: 0 | H17: 0 | I17: =E17+F17+G17+H17 -> 0
C18: Total Pembelian Aset Keuangan Digital untuk Pedagang sendiri | E18: =0 -> 0 | F18: =0 -> 0 | G18: =0 -> 0 | H18: =0 -> 0 | I18: 0
C19: Total Penjualan Aset Keuangan Digital untuk Konsumen Individu | E19: 0 | F19: 0 | G19: 0 | H19: 0 | I19: =E19+F19+G19+H19 -> 0
C20: Total Penjualan Aset Keuangan Digital untuk Konsumen Institusi | E20: 0 | F20: 0 | G20: 0 | H20: 0 | I20: =E20+F20+G20+H20 -> 0
C21: Total Penjualan Aset Keuangan Digital untuk Pedagang sendiri | E21: =0 -> 0 | F21: =0 -> 0 | G21: =0 -> 0 | H21: =0 -> 0 | I21: 0
C22: Total Transaksi On The Counter | E22: 0 | F22: 0 | G22: 0 | H22: 0 | I22: =E22+F22+G22+H22 -> 0
C23: Total Transaksi Over The Counter | E23: 0 | F23: 0 | G23: 0 | H23: 0 | I23: =E23+F23+G23+H23 -> 0

Sheet LRTAK
B2: LRTAK
B3: 1
C7: =UPPER('Data Umum'!D7)
C8: PEDAGANG ASET KEUANGAN DIGITAL
C9: Form Rekapitulasi Transaksi Harian per Aset Kripto
C11: ="Per " & TEXT('Data Umum'!D11, "DD-MMM-YYYY") -> Per 00-Jan-1900
C14: Nomor Baris | E14: ="Kode Aset Keuangan Digital" -> Kode Aset Keuangan Digital | F14: ="Nama Aset Keuangan Digital" -> Nama Aset Keuangan Digital | G14: ="Harga Terendah (Rp)" -> Harga Terendah (Rp) | H14: ="Harga Tertinggi (Rp)" -> Harga Tertinggi (Rp) | I14: ="Frekuensi Transaksi" -> Frekuensi Transaksi | J14: ="Volume (Unit)" -> Volume (Unit) | K14: ="Nilai Transaksi (Rp)" -> Nilai Transaksi (Rp)
C16: 1 | G16: 0 | H16: 0 | I16: 0 | J16: 0 | K16: 0
C17: 2 | G17: 0 | H17: 0 | I17: 0 | J17: 0 | K17: 0
C18: 3 | G18: 0 | H18: 0 | I18: 0 | J18: 0 | K18: 0
C19: 4 | G19: 0 | H19: 0 | I19: 0 | J19: 0 | K19: 0
C20: 5 | G20: 0 | H20: 0 | I20: 0 | J20: 0 | K20: 0
C21: 6 | G21: 0 | H21: 0 | I21: 0 | J21: 0 | K21: 0
C22: 7 | G22: 0 | H22: 0 | I22: 0 | J22: 0 | K22: 0
C23: 8 | G23: 0 | H23: 0 | I23: 0 | J23: 0 | K23: 0
C24: 9 | G24: 0 | H24: 0 | I24: 0 | J24: 0 | K24: 0
C25: 10 | G25: 0 | H25: 0 | I25: 0 | J25: 0 | K25: 0
C26: 11 | G26: 0 | H26: 0 | I26: 0 | J26: 0 | K26: 0
C27: 12 | G27: 0 | H27: 0 | I27: 0 | J27: 0 | K27: 0
... C114: 99 | G114: 0 | H114: 0 | I114: 0 | J114: 0 | K114: 0
A115: + Baris | C115: 100 | G115: 0 | H115: 0 | I115: 0 | J115: 0 | K115: 0
A116: <EOR> | C116: Total | E116: ="" | F116: ="" | G116: ="" | H116: ="" | I116: ="" | J116: ="" | K116: =SUM(K16:K115) -> 0
